studentId,class
1,12D
2,1S
3,4N
4,11E
5,3J
6,12J
7,9H
8,4I
9,4B
10,5V
11,5H
12,12D
13,6E
14,2F
15,5U
16,1C
17,5X
18,11Y
19,11Z
20,5A
21,5S
22,10N
23,12I
24,11H
25,8Z
26,2P
27,1J
28,10E
29,4N
30,1K
31,1Z
32,7R
33,4I
34,8Q
35,2K
36,10E
37,2X
38,3F
39,3F
40,3O
41,7K
42,4K
43,11V
44,2R
45,1F
46,10X
47,4L
48,12F
49,8C
50,10H
51,8A
52,1W
53,1Q
54,9O
55,8Q
56,11D
57,3D
58,3F
59,12O
60,1E
61,11B
62,9O
63,12K
64,7E
65,7S
66,1I
67,6R
68,12K
69,10S
70,4W
71,1F
72,1Z
73,7Y
74,2V
75,10Y
76,2V
77,1I
78,3N
79,10L
80,4P
81,4O
82,12Z
83,8I
84,4U
85,6S
86,5B
87,2P
88,6K
89,7G
90,1W
91,1V
92,7R
93,8C
94,3O
95,12P
96,4E
97,6C
98,2K
99,8T
100,1O
101,8W
102,7Q
103,6H
104,3X
105,11A
106,11X
107,4J
108,10H
109,3W
110,9U
111,1D
112,8G
113,2A
114,9N
115,9Q
116,1D
117,12X
118,5L
119,2K
120,10J
121,10A
122,9Y
123,9F
124,3K
125,4R
126,6X
127,12E
128,12T
129,1B
130,9K
131,11P
132,8T
133,1I
134,11U
135,1C
136,8U
137,1T
138,1L
139,4C
140,2U
141,5J
142,11H
143,11A
144,10B
145,10L
146,6F
147,7Z
148,12L
149,5H
150,7L
151,3E
152,3S
153,3G
154,7L
155,11B
156,1R
157,7T
158,1L
159,1X
160,1S
161,11W
162,9Q
163,2Y
164,1Z
165,8P
166,8N
167,5R
168,12F
169,9D
170,3V
171,2Q
172,10Z
173,4E
174,7S
175,6T
176,5Z
177,10T
178,12T
179,6W
180,1L
181,12Q
182,3B
183,6E
184,7J
185,8S
186,12Z
187,8T
188,5T
189,11N
190,4P
191,7N
192,4R
193,7X
194,9C
195,3P
196,6G
197,11K
198,10D
199,9Y
200,8G
201,2L
202,8A
203,5G
204,4L
205,12K
206,7D
207,4Q
208,2D
209,2F
210,3C
211,10B
212,11V
213,12H
214,5M
215,3I
216,9P
217,6L
218,11R
219,3D
220,8G
221,1D
222,3S
223,1I
224,6W
225,3V
226,8I
227,7F
228,9Y
229,5K
230,8X
231,8K
232,2Z
233,3Q
234,4D
235,9Y
236,6I
237,2F
238,7T
239,2J
240,4O
241,11D
242,6N
243,4M
244,11W
245,4G
246,2J
247,9A
248,6F
249,6M
250,7Z
251,12E
252,10Q
253,12J
254,12K
255,11E
256,11J
257,7C
258,8F
259,5U
260,5N
261,5X
262,7T
263,7R
264,12V
265,5U
266,1R
267,6T
268,8I
269,9B
270,11A
271,8J
272,3M
273,7H
274,11A
275,7G
276,3M
277,7J
278,9C
279,9R
280,7T
281,4M
282,1X
283,11Z
284,5A
285,4D
286,7W
287,7O
288,11S
289,11P
290,1H
291,12D
292,8G
293,3N
294,9O
295,5S
296,7C
297,12D
298,5H
299,5K
300,12U
301,12I
302,5S
303,7K
304,1R
305,8X
306,3P
307,12F
308,4E
309,3A
310,5I
311,3N
312,12N
313,7O
314,12P
315,11D
316,3V
317,7P
318,5R
319,6C
320,3G
321,2Z
322,12Q
323,9S
324,12R
325,4M
326,10F
327,4B
328,9C
329,3C
330,9Y
331,2H
332,8K
333,5R
334,10R
335,8O
336,9F
337,4F
338,5J
339,4U
340,4J
341,4E
342,5L
343,1G
344,6P
345,7R
346,8R
347,2V
348,9O
349,12T
350,6N
351,12E
352,1G
353,5G
354,2S
355,8V
356,4R
357,9R
358,6L
359,10C
360,3S
361,7Q
362,11N
363,3L
364,8U
365,2K
366,3O
367,2C
368,10F
369,7H
370,10A
371,4E
372,7K
373,1N
374,11G
375,3A
376,7W
377,10V
378,5R
379,12Z
380,1G
381,2W
382,9Z
383,7R
384,9R
385,5W
386,2P
387,7J
388,3E
389,11R
390,7C
391,4B
392,3M
393,4L
394,9Y
395,11Q
396,3N
397,8G
398,5T
399,5P
400,3M
401,10Q
402,12F
403,6W
404,11D
405,6M
406,2Z
407,10P
408,11X
409,3J
410,5K
411,6Q
412,5E
413,11H
414,5U
415,12L
416,2U
417,11N
418,5H
419,8F
420,9S
421,7U
422,2L
423,6D
424,1G
425,1Q
426,7V
427,5X
428,11P
429,9B
430,11Z
431,11Z
432,1K
433,10H
434,10P
435,2V
436,5D
437,9X
438,3W
439,11E
440,9U
441,5I
442,3L
443,9J
444,4U
445,12G
446,10D
447,11X
448,9D
449,6Y
450,6B
451,8J
452,12C
453,2P
454,10U
455,5Z
456,6Z
457,11W
458,3C
459,8D
460,10B
461,4T
462,5Z
463,4A
464,11S
465,2M
466,3N
467,8C
468,5P
469,1H
470,4P
471,11H
472,8M
473,6C
474,6G
475,9N
476,2R
477,6N
478,4L
479,12W
480,5B
481,1Q
482,4O
483,7D
484,11X
485,5H
486,7R
487,8O
488,4R
489,3R
490,10B
491,6J
492,10C
493,12G
494,6L
495,6U
496,3J
497,6T
498,11H
499,1E
500,3F
501,10M
502,12Z
503,4W
504,3O
505,5F
506,5R
507,4T
508,4S
509,3G
510,1V
511,4C
512,3D
513,6S
514,7C
515,9Y
516,4R
517,8Z
518,7X
519,9I
520,2S
521,1N
522,1C
523,8O
524,6W
525,8M
526,3E
527,7O
528,1Z
529,11H
530,4B
531,5X
532,9M
533,4S
534,7G
535,2M
536,3F
537,1K
538,9D
539,2Y
540,6V
541,7K
542,6T
543,8Q
544,1V
545,11N
546,2Y
547,2E
548,3E
549,10Q
550,5V
551,11I
552,2K
553,11A
554,5O
555,5I
556,1K
557,5V
558,11G
559,5N
560,5D
561,5M
562,9J
563,3F
564,3R
565,10W
566,10M
567,10V
568,8E
569,11D
570,8C
571,8A
572,7M
573,11X
574,7B
575,1B
576,12I
577,1H
578,6X
579,12W
580,12Q
581,4C
582,4J
583,12P
584,6F
585,6J
586,2Q
587,1G
588,12E
589,4U
590,6W
591,11D
592,7C
593,9A
594,12Q
595,8E
596,2H
597,3N
598,1K
599,1J
600,7Z
601,11X
602,2Y
603,1P
604,4D
605,10S
606,10Y
607,6E
608,11X
609,12V
610,6T
611,5W
612,4M
613,12C
614,7F
615,12S
616,7Y
617,7P
618,12D
619,10I
620,4K
621,10P
622,11U
623,9P
624,8R
625,2I
626,10U
627,10A
628,2D
629,11C
630,3T
631,11D
632,10J
633,7D
634,1I
635,1A
636,3C
637,12I
638,10A
639,1T
640,10F
641,5Y
642,8J
643,12K
644,8Z
645,7I
646,3O
647,7G
648,7H
649,10E
650,1E
651,1R
652,12F
653,1I
654,1O
655,2V
656,4O
657,4K
658,3N
659,8S
660,6Q
661,9O
662,6E
663,4W
664,10Y
665,1P
666,10L
667,11I
668,6A
669,1K
670,10S
671,10K
672,9W
673,4P
674,3E
675,8J
676,10X
677,4K
678,6E
679,2B
680,6V
681,10G
682,3R
683,6Z
684,4A
685,1E
686,6O
687,10J
688,1J
689,6I
690,3J
691,3H
692,4S
693,12M
694,7X
695,11Q
696,7W
697,11P
698,11L
699,10N
700,3S
701,1C
702,10Z
703,4B
704,1I
705,1K
706,12A
707,10Q
708,12V
709,3P
710,11O
711,4D
712,10F
713,2Y
714,10A
715,6B
716,6S
717,8N
718,12F
719,1D
720,11P
721,6W
722,2L
723,2G
724,5Z
725,12K
726,8T
727,1Q
728,1T
729,9V
730,8H
731,11V
732,7D
733,3J
734,3D
735,11K
736,5W
737,7G
738,12V
739,2F
740,4I
741,10G
742,12Z
743,4H
744,4R
745,1B
746,3F
747,2L
748,12M
749,1P
750,9H
751,10X
752,8Z
753,3L
754,5V
755,9N
756,9Y
757,2O
758,10M
759,5Q
760,1T
761,6R
762,7L
763,4P
764,7K
765,4E
766,7U
767,3Y
768,4F
769,12Q
770,3J
771,2Z
772,6L
773,2X
774,9M
775,2S
776,11X
777,3V
778,7I
779,4J
780,11O
781,3H
782,9F
783,7E
784,9A
785,4Y
786,7T
787,10W
788,4R
789,6H
790,2V
791,4K
792,12X
793,10A
794,12J
795,1N
796,12K
797,12U
798,12E
799,5J
800,7S
801,7H
802,4A
803,1M
804,6Q
805,8T
806,8E
807,1V
808,11G
809,1B
810,3O
811,7M
812,10G
813,9M
814,3G
815,9K
816,10V
817,6T
818,8P
819,9T
820,9P
821,1D
822,2Z
823,2L
824,11D
825,6S
826,7T
827,7R
828,3C
829,7N
830,1Z
831,6K
832,8Z
833,5H
834,10M
835,1O
836,7L
837,12I
838,3P
839,11N
840,9K
841,5Y
842,11I
843,7Q
844,6A
845,7T
846,3M
847,8T
848,10T
849,1D
850,12K
851,11U
852,6C
853,2J
854,8B
855,4Q
856,7I
857,10W
858,8A
859,2R
860,7L
861,3P
862,4N
863,9T
864,5B
865,2L
866,3Y
867,3E
868,2P
869,2Q
870,8D
871,2L
872,10Q
873,8M
874,12K
875,12L
876,9C
877,12S
878,3P
879,9T
880,2V
881,1J
882,5O
883,2T
884,7R
885,7P
886,9V
887,4M
888,1L
889,10W
890,4S
891,3H
892,2X
893,2Q
894,5A
895,4O
896,5E
897,2Z
898,3Q
899,2N
900,1Z
901,6Z
902,4G
903,5M
904,12G
905,2V
906,7G
907,4S
908,7M
909,3X
910,9C
911,11Y
912,9M
913,7B
914,3K
915,2Y
916,12M
917,4A
918,6K
919,1C
920,1Y
921,2W
922,1Q
923,3E
924,11M
925,2Z
926,9T
927,7S
928,1G
929,2G
930,2C
931,2M
932,12M
933,7I
934,8R
935,3L
936,4Z
937,5F
938,3M
939,8W
940,9F
941,8L
942,8H
943,1B
944,8V
945,7Y
946,1G
947,1V
948,6S
949,11L
950,9Z
951,5X
952,3I
953,6U
954,2L
955,9J
956,1L
957,8D
958,1W
959,11O
960,8W
961,7N
962,9E
963,6A
964,10Z
965,8F
966,10H
967,5Q
968,9I
969,11Z
970,1O
971,2P
972,7L
973,8U
974,4Q
975,1O
976,7U
977,4V
978,5W
979,6S
980,7U
981,11O
982,1Z
983,8X
984,5C
985,3K
986,2P
987,10N
988,7I
989,5J
990,12X
991,1D
992,10G
993,4T
994,11O
995,1G
996,3T
997,5N
998,12B
999,3G
1000,10X
1001,4S
1002,4L
1003,9H
1004,3J
1005,10B
1006,7J
1007,10X
1008,3A
1009,7X
1010,8Y
1011,3G
1012,6J
1013,1N
1014,4N
1015,4U
1016,3L
1017,4N
1018,1P
1019,5C
1020,3X
1021,1J
1022,3S
1023,5W
1024,9X
1025,6W
1026,6A
1027,3Y
1028,5N
1029,1S
1030,2X
1031,3X
1032,4Y
1033,10J
1034,6G
1035,5O
1036,11U
1037,9U
1038,5H
1039,11P
1040,2T
1041,2I
1042,4R
1043,9N
1044,12T
1045,11L
1046,6H
1047,12C
1048,12U
1049,8O
1050,12I
1051,11H
1052,2U
1053,5R
1054,6A
1055,10J
1056,1U
1057,8G
1058,12Z
1059,12H
1060,11B
1061,9Q
1062,2X
1063,7Z
1064,9H
1065,6V
1066,8K
1067,4C
1068,4S
1069,3J
1070,11O
1071,6O
1072,9T
1073,8U
1074,6N
1075,4D
1076,3Y
1077,1V
1078,10E
1079,6W
1080,10S
1081,2D
1082,5E
1083,11M
1084,7Y
1085,2Y
1086,5T
1087,12Z
1088,2N
1089,1I
1090,6M
1091,6T
1092,7B
1093,8E
1094,5X
1095,9A
1096,7U
1097,9A
1098,8T
1099,10F
1100,11L
1101,8Z
1102,5G
1103,4R
1104,10Y
1105,8M
1106,11B
1107,1R
1108,9V
1109,1L
1110,5O
1111,4K
1112,1D
1113,9A
1114,6F
1115,12S
1116,8R
1117,2Y
1118,11Y
1119,7J
1120,10K
1121,8Z
1122,11E
1123,10R
1124,3V
1125,6Y
1126,9T
1127,3J
1128,8U
1129,2Y
1130,4C
1131,12Y
1132,2B
1133,7C
1134,8G
1135,3F
1136,7O
1137,10U
1138,6F
1139,4C
1140,1P
1141,5C
1142,5Q
1143,6Q
1144,4G
1145,10D
1146,9J
1147,8R
1148,4J
1149,7E
1150,6T
1151,7K
1152,10L
1153,12W
1154,11W
1155,6B
1156,4Q
1157,7Q
1158,11T
1159,2V
1160,1Z
1161,11B
1162,5K
1163,1K
1164,4P
1165,4A
1166,7D
1167,6W
1168,3J
1169,7Q
1170,3Y
1171,9W
1172,9Z
1173,8E
1174,4K
1175,1D
1176,12L
1177,4P
1178,1O
1179,10W
1180,11M
1181,9G
1182,10Q
1183,10P
1184,12X
1185,8C
1186,9T
1187,11A
1188,8A
1189,5Z
1190,2P
1191,5P
1192,6P
1193,12V
1194,11R
1195,9A
1196,1K
1197,10A
1198,6N
1199,5W
1200,2R
1201,4K
1202,12E
1203,9X
1204,7A
1205,10D
1206,3Y
1207,7P
1208,6O
1209,3K
1210,1S
1211,9T
1212,9X
1213,8N
1214,10U
1215,3O
1216,5L
1217,5X
1218,12B
1219,11C
1220,11T
1221,8W
1222,6L
1223,6U
1224,11S
1225,8W
1226,5E
1227,1C
1228,9Z
1229,9A
1230,11L
1231,9P
1232,10X
1233,5O
1234,11E
1235,5Y
1236,11N
1237,3R
1238,8P
1239,7S
1240,7T
1241,3C
1242,10H
1243,1O
1244,4U
1245,9I
1246,4S
1247,11X
1248,8R
1249,1V
1250,2F
1251,6T
1252,11X
1253,7Q
1254,12W
1255,11H
1256,3V
1257,6F
1258,11J
1259,9A
1260,10U
1261,10C
1262,11O
1263,10X
1264,6P
1265,2A
1266,9N
1267,10Q
1268,6S
1269,2Y
1270,4R
1271,9Y
1272,9D
1273,12M
1274,2S
1275,4L
1276,6R
1277,8H
1278,10E
1279,3T
1280,4Y
1281,3Q
1282,2G
1283,8S
1284,11W
1285,2T
1286,11B
1287,7C
1288,10D
1289,3M
1290,12W
1291,8R
1292,4Z
1293,2S
1294,8T
1295,5I
1296,8P
1297,6B
1298,2A
1299,4Q
1300,5J
1301,6Y
1302,1T
1303,3C
1304,10N
1305,5M
1306,12Z
1307,3X
1308,8J
1309,7S
1310,9C
1311,4Y
1312,12V
1313,1A
1314,9L
1315,2O
1316,6I
1317,7Q
1318,8L
1319,9U
1320,9G
1321,6P
1322,1H
1323,2R
1324,1O
1325,3A
1326,8H
1327,7Y
1328,4N
1329,2V
1330,2B
1331,8B
1332,8O
1333,5C
1334,9D
1335,6P
1336,3T
1337,5I
1338,2Y
1339,12O
1340,9S
1341,7Y
1342,5N
1343,7Y
1344,2J
1345,11T
1346,5U
1347,6Y
1348,7F
1349,8L
1350,8C
1351,6G
1352,9A
1353,3C
1354,4L
1355,5P
1356,6K
1357,6B
1358,8A
1359,12P
1360,4C
1361,12F
1362,8E
1363,5G
1364,2G
1365,3C
1366,6A
1367,8X
1368,1Q
1369,2V
1370,10L
1371,5X
1372,4Z
1373,11E
1374,5I
1375,9I
1376,11X
1377,9W
1378,8W
1379,1Z
1380,7O
1381,2T
1382,4Q
1383,10P
1384,12Y
1385,9K
1386,6P
1387,6Y
1388,5M
1389,4F
1390,11G
1391,12A
1392,12A
1393,8M
1394,3H
1395,9R
1396,11S
1397,3Y
1398,4M
1399,4S
1400,3W
1401,2J
1402,6E
1403,7L
1404,6X
1405,2I
1406,6U
1407,1F
1408,7H
1409,11K
1410,7S
1411,9T
1412,8J
1413,8R
1414,7F
1415,4D
1416,8X
1417,10B
1418,12V
1419,11S
1420,3A
1421,11C
1422,2R
1423,8Z
1424,2Z
1425,1P
1426,9L
1427,9L
1428,5O
1429,10A
1430,11K
1431,9Q
1432,5S
1433,11N
1434,6S
1435,7U
1436,2K
1437,8V
1438,3X
1439,12T
1440,2B
1441,2C
1442,4B
1443,2E
1444,7L
1445,8T
1446,5V
1447,9G
1448,4R
1449,4T
1450,12X
1451,12N
1452,12B
1453,6D
1454,6Q
1455,5Z
1456,1B
1457,4P
1458,2F
1459,11W
1460,11Z
1461,5V
1462,2K
1463,2H
1464,5G
1465,3F
1466,7O
1467,7M
1468,4G
1469,10I
1470,10C
1471,2T
1472,1I
1473,6B
1474,2I
1475,3P
1476,8I
1477,9D
1478,11F
1479,2A
1480,1B
1481,2Y
1482,2T
1483,11J
1484,6F
1485,2E
1486,1T
1487,11Q
1488,12N
1489,2Y
1490,7C
1491,11U
1492,4U
1493,4M
1494,5Z
1495,11Z
1496,5W
1497,9J
1498,3E
1499,10D
1500,6Y
1501,3B
1502,9M
1503,4X
1504,8T
1505,7Y
1506,6A
1507,10Y
1508,9U
1509,8L
1510,8K
1511,1Z
1512,1U
1513,10I
1514,3S
1515,9A
1516,6U
1517,3L
1518,11C
1519,12Q
1520,7P
1521,2Z
1522,9R
1523,1O
1524,9U
1525,3O
1526,11L
1527,4P
1528,10B
1529,8E
1530,11Z
1531,2D
1532,3D
1533,7V
1534,12F
1535,9G
1536,5A
1537,4R
1538,3A
1539,9H
1540,10T
1541,3Z
1542,8S
1543,10F
1544,10F
1545,2Q
1546,10Z
1547,10S
1548,1T
1549,12G
1550,9G
1551,5M
1552,11Q
1553,2D
1554,3U
1555,12F
1556,2F
1557,1K
1558,10V
1559,8F
1560,9V
1561,5D
1562,4T
1563,9B
1564,10T
1565,8H
1566,3V
1567,3B
1568,12B
1569,2F
1570,2O
1571,10T
1572,8Q
1573,10E
1574,5I
1575,1S
1576,12I
1577,1S
1578,5V
1579,3D
1580,8M
1581,7W
1582,4S
1583,5M
1584,11B
1585,2N
1586,9H
1587,7Q
1588,4W
1589,12G
1590,9B
1591,11V
1592,1R
1593,12C
1594,3E
1595,12J
1596,11Q
1597,8U
1598,5D
1599,7G
1600,10L
1601,6L
1602,12U
1603,4D
1604,3K
1605,1X
1606,12X
1607,10Z
1608,6Q
1609,4X
1610,5N
1611,8T
1612,1W
1613,12I
1614,1N
1615,11R
1616,8B
1617,11T
1618,8M
1619,7M
1620,12N
1621,3L
1622,9F
1623,11X
1624,4T
1625,8B
1626,8J
1627,3B
1628,7Y
1629,10V
1630,5K
1631,1K
1632,7J
1633,12C
1634,11Z
1635,7Q
1636,5J
1637,7R
1638,7T
1639,2O
1640,5M
1641,9W
1642,2X
1643,9S
1644,10E
1645,1U
1646,2G
1647,2Y
1648,5I
1649,7M
1650,7R
1651,10N
1652,10S
1653,11P
1654,11A
1655,9M
1656,9U
1657,2G
1658,11Y
1659,1E
1660,1P
1661,10Q
1662,10X
1663,8M
1664,6U
1665,9I
1666,9P
1667,10P
1668,1W
1669,11O
1670,1O
1671,8J
1672,12M
1673,3F
1674,11E
1675,1B
1676,7Q
1677,8C
1678,3O
1679,10K
1680,8E
1681,4Q
1682,3T
1683,5R
1684,12O
1685,6S
1686,11F
1687,1Z
1688,11U
1689,8F
1690,6L
1691,5Y
1692,1U
1693,12G
1694,2N
1695,5J
1696,7Z
1697,3X
1698,3N
1699,6Q
1700,8W
1701,5R
1702,3Y
1703,10Q
1704,4J
1705,9P
1706,10G
1707,5P
1708,12V
1709,11G
1710,9D
1711,4K
1712,7D
1713,12I
1714,2X
1715,8G
1716,5D
1717,4G
1718,1V
1719,5U
1720,8O
1721,1Y
1722,4W
1723,7D
1724,1R
1725,5Y
1726,3Z
1727,8Z
1728,8C
1729,11B
1730,6F
1731,9L
1732,10C
1733,3G
1734,8K
1735,12P
1736,10C
1737,7K
1738,12H
1739,8S
1740,2Q
1741,9G
1742,8W
1743,3P
1744,3P
1745,9A
1746,10A
1747,4Q
1748,6U
1749,7Y
1750,2I
1751,5D
1752,11G
1753,12W
1754,3B
1755,10L
1756,6X
1757,7W
1758,7R
1759,2F
1760,12K
1761,6E
1762,12R
1763,10H
1764,12Q
1765,12A
1766,8W
1767,8X
1768,5W
1769,10X
1770,4R
1771,7V
1772,1Z
1773,10I
1774,5P
1775,9P
1776,8I
1777,12Z
1778,1M
1779,3E
1780,10H
1781,4Q
1782,10D
1783,8I
1784,1I
1785,4A
1786,5P
1787,2U
1788,11E
1789,3A
1790,9I
1791,8J
1792,11W
1793,11E
1794,1T
1795,6L
1796,4E
1797,4H
1798,8G
1799,1Q
1800,10P
1801,10O
1802,4H
1803,8I
1804,6A
1805,8M
1806,12Z
1807,1Z
1808,8A
1809,2G
1810,2O
1811,10H
1812,6R
1813,3M
1814,12S
1815,9Z
1816,6I
1817,7U
1818,7C
1819,2C
1820,9N
1821,6Z
1822,5D
1823,2A
1824,4M
1825,2D
1826,2Z
1827,8O
1828,2E
1829,6K
1830,12K
1831,8W
1832,8B
1833,10N
1834,9Z
1835,5Z
1836,9S
1837,10J
1838,3E
1839,9P
1840,12W
1841,11Z
1842,12D
1843,11R
1844,11L
1845,6D
1846,2B
1847,6V
1848,3Q
1849,1L
1850,1T
1851,8O
1852,5M
1853,10A
1854,8R
1855,12Q
1856,11D
1857,11J
1858,2D
1859,6E
1860,11B
1861,11B
1862,1R
1863,3A
1864,6J
1865,6G
1866,3U
1867,6A
1868,10Y
1869,6Z
1870,1J
1871,11W
1872,10E
1873,5J
1874,6A
1875,4M
1876,7D
1877,3M
1878,9W
1879,7C
1880,6Q
1881,5M
1882,9T
1883,4D
1884,3F
1885,11X
1886,7I
1887,10Y
1888,8G
1889,4Q
1890,8P
1891,12I
1892,6O
1893,3D
1894,2G
1895,1P
1896,5K
1897,6O
1898,2Q
1899,3M
1900,11R
1901,1P
1902,5B
1903,6Z
1904,5H
1905,12A
1906,9A
1907,4Z
1908,12K
1909,5F
1910,6K
1911,1S
1912,4G
1913,3Y
1914,12Z
1915,10L
1916,4H
1917,5S
1918,2Y
1919,6A
1920,11E
1921,12E
1922,5I
1923,12B
1924,9P
1925,11X
1926,12B
1927,12I
1928,6U
1929,8D
1930,11Y
1931,4C
1932,7C
1933,1C
1934,10F
1935,12J
1936,12L
1937,12Q
1938,12E
1939,2R
1940,7P
1941,1R
1942,4R
1943,8B
1944,4F
1945,8P
1946,11H
1947,10O
1948,4R
1949,6U
1950,2K
1951,10F
1952,11E
1953,8C
1954,12M
1955,11D
1956,5M
1957,8I
1958,6E
1959,7B
1960,4K
1961,2H
1962,2G
1963,5J
1964,11X
1965,2G
1966,2S
1967,5Q
1968,3K
1969,3R
1970,10H
1971,6L
1972,7L
1973,5M
1974,1G
1975,2D
1976,7G
1977,2U
1978,11V
1979,2N
1980,3C
1981,10B
1982,4Q
1983,10A
1984,7C
1985,8J
1986,1E
1987,11B
1988,7P
1989,9L
1990,12Q
1991,12A
1992,4A
1993,11S
1994,4L
1995,6Q
1996,1O
1997,2F
1998,11D
1999,5Z
2000,7O